id,topic,paragraph_text,transcript_text_yandex,transcript_text_salutespeech,transcript_text_mbart50,voice_recording,record_date
5,Искусственный интеллект,"Искусственный интеллект - революционная технология, меняющая мир и приносящая значительные выгоды в различных областях. Однако его развитие вызывает новые вызовы, связанные с этикой, безопасностью и правовыми аспектами. В будущем исследования и разработки в области ИИ будут играть ключевую роль в формировании общества и экономики.",Рвотчины технари мнящие мир и проносящие на четверни двигатель барылочных опрашивает однако я выражаю это и вызывают Аспектами будущими исследования и разработки в вопросе Проект путь играть ключевую роль в формировании общества и экономики,"Эффект революционный техногии, меняющий мир, приносящий на 4 навигато прочных, опросных, однако его вызывает, назови этики, безопасности и правовыми аспектами в будущем исследования и разработки. Простите, поиграть ключевые.","они киллект, революция, тихонги, мне очень яны, эти коще, но вы весевший, и правовые мы больше не гибнут, и правовые опупетья ездят и разработает, и, разумеется, им есть уведомление. ира разработает бюллетени. вот играть ключи в формате. общение. общество. и экономия.",<memory at 0x70403e25cb80>,2024-06-15
13,Веб-сокет,"Веб-сокеты - мощный инструмент для разработки веб-приложений, требующих обмена данными в реальном времени. Постоянное двунаправленное соединение и низкая задержка обеспечивают высокую производительность и надежность. В условиях растущих требований к скорости и эффективности взаимодействия, веб-сокеты становятся все более актуальными.",Веб секрет мощный интернет для разработки веб проживания требующих Ты должна права не сесть мне и низкий ершик опочивит всякую прыгать и наденешь большой вихрь растущие требования к скорости и эффективности взаимодействие випсекоцитарной вслепую с актуальными," Рен постояние 3 направлений сидни и низкая задержка обеспечивает всякую приватность и надёжность, больше их растущие требования к скорости и эффективности взаимодействия всякой становится все по актуальным. ","ведь все-таки, тёмненький интеллигент, проживший оппонентами брон время, пошли они тебе их на правовонесприятие обоскочать меня и низкой уязвимости, большую уязвимость и над ею ни к скорости, и эффективность и взаимодействию, ведь все-таки стенируется в себя.",<memory at 0x70403e25cf40>,2024-06-16
14,Плавание,"Плавание - это вид спорта и активного отдыха, заключающийся в передвижении по воде с помощью движений тела. Это популярная физическая активность и важный навык для безопасности на воде. Плавание улучшает физическое состояние, укрепляет мышцы, развивает дыхательную систему и повышает выносливость.",Прямо на этой битве спорят и активисты выходят их заключившие выборы понятий с помощью движинки это популярная физическая активность и военный навык для безопасности на воде Укрепляет учти и рвет хотя не спит и повышает мне сливость,"Про мне это вид спорт и активный. Выходи, заключающих передвижение победы помощи движения. Это популярные физическая активность и воины. Навык для безопасности наводить промони учат физически, что не укрепляет, тировать, хотя внести им и повышает мне вывести. ","про мне эти видосы, и активные охоты и закручающий шепелявый шепелявый",<memory at 0x70403e25ca00>,2024-06-16
23,Технологическая сингулярность,"Технологическая сингулярность - это теория, предсказывающая момент, когда искусственный интеллект превзойдет человеческий интеллект и технологии будут развиваться настолько быстро, что люди не смогут контролировать этот процесс. Это вызовет кардинальные изменения в обществе и может привести к появлению новых форм жизни или сверхинтеллекта.",Процессорывающий момент когда интеллект проводит человеческий интеллект и ты их ноги будут развиваться настолько быстро что они могут контролировать этот процесс Изменение в обществе и может привести к появлению новых форм жизни и сверхинтеллекта," Проводит человеческий интеллект и технологии развиваются настолько, что ты не могут контролировать это вызывает картины к появлению новых форм и сфера интеллекта.","— из-вторых, неверность этот яры, протягивающий момент, когда движущей интеллигент, проводит дружеский интеллигент, и ему, что-то привезти, когда и вы везите с семнадцати ночной зимы жизни? — из-за этого и не могут избегать кардинальные земные механизмы жизни. из.",<memory at 0x70403e25c640>,2024-06-16
38,Плавание,"Существует несколько стилей плавания с разными техническими особенностями. Кроль на груди (фристайл) - самый быстрый и энергозатратный стиль с асимметричными движениями. Брасс - медленный, но эффективный стиль с симметричными движениями. Баттерфляй (дельфин) требует высокой физической подготовки и координации, с синхронными движениями рук и волнообразным движением тела.",Как ровными техническими осипшими крыла на груди характеризуется самой быстрой энергозатратностью с ассиметричными на эффективности с симметричным движением Подготовки и карты нации с синхронными движениями рук и была направлена,"Считывание, сколько стилей прямо сравнимы техническими списками крыла на груди фристайл самый 3 энергоноси, симметричной движений, просмотренный на эффективности симметричными движениями подвеской. Картина сохранными движениями рук я была направлена.","— ты говорю, нет, как ощутили, я промолленными, техночками, особыми, стихотворениями, кроме органо-розетки, врушили, а не органо-розетки, и они неотраченными движениями, просят все камуфлички и филяндии подготовить, и горы на тишке, и покрыты нозами рук. ии.",<memory at 0x70403e25cdc0>,2024-06-17
40,ВВП к ППС,"Концепция ""ВВП к ППС"" позволяет сравнивать экономическое развитие стран с учетом различий в уровне цен. ВВП по ППС показывает, сколько товаров и услуг можно купить за одну и ту же сумму денег в разных странах, что делает его более точным для международных сравнений, чем традиционный ВВП.",Концепция бвп и кппс позволяет сравнивать как они мытьщики и орудия убийства Машина тупит затмить ту же сумму денег в разных странах что делает его более точным для мышцы народных сравнен чьим транзитивным вп,"В концепте vps позволяет сравнивать экономические развитые страны с учётом аличе биоматин ps показывает, сколько товаров и срок машину купить за 1 и ту же сумму денег в разных странах что делать либо поточным для международных сравнению, чем традиционный? ","концептия, гибпы, копейки, по песе, гибаются, и струны, разветвятся и серыми мочьи личие, румян, гибкие, запые, точенных, барыных, барыных, хи-хи, шумно-хитят, взять нюет, чьим, тратины, гибнет.",<memory at 0x70403e25d0c0>,2024-06-17
46,Технологическая сингулярность,"Сингулярность вызывает множество философских и этических вопросов. Как контролировать развитие искусственный интеллект? Как он повлияет на общество? Многие известные ученые и предприниматели, такие как Илон Маск и Стивен Хокинг, предупреждали о возможных опасностях и призывали к разработке стратегий контроля за развитием искусственного интеллекта.",Сингулярность вызывает множество философских И этический вопрос как контролировать развитый интеллект как он не позволяет на общение многие извечные учения и предприниматели такие как ирония Предупреждал и опасный стих и призвали к разработке стратегии контроллера и заявляли им о секрете,"Сингулярность вызывает наши этические вопросы, как контролировать развитый искусстве, как мне позволяет на обществе, многие известные учёные и предприниматели, такие, как иронский стивен хокинг, предупреждали опасности и призвали к разработке стратегии конторы. ","сигнаг уезжает взвешенной шепелявой ощечке и вопросом, как они позволяли ей вообщрение фокинга, -- просто позволяли ей вовышать неуверенность их, и, как и, как ирина малифия и пардон ученья, эти и пардон мафилетт, которые, зря дают им щелий конфликт.",<memory at 0x70403e25cc40>,2024-06-17
1,Искусственный интеллект,"Искусственный интеллект (ИИ) - это область компьютерных наук, создающая системы для выполнения задач, требующих человеческого интеллекта: распознавание речи, обработка изображений, принятие решений. Искусственный интеллект проникает во все сферы жизни, от рекомендаций в онлайн-магазинах до медицинских диагнозов.",Искусственный интеллект это вопрос компьютерных наук Проникать Банан в магазинах,,"едивствительный характер, а то я, попросту, компетентных ног, с твоей щестью, прячешь, тряпку венерочек, а пропадку везёт и орошенин. пора, наконец, в во все щели, нырить бан, магазинных, т. е.-ты. танук.",<memory at 0x70403e25c940>,2024-06-15
4,Искусственный интеллект,"ИИ базируется на алгоритмах машинного обучения, позволяющих системам обучаться на основе данных. Современные ИИ-системы используют глубокие нейронные сети, имитирующие работу мозга. Для разработки таких моделей требуются мощные вычислительные ресурсы и инструменты, такие как TensorFlow и PyTorch.",Секс интеллект позируется на алгоритмах машинами о причине позволяющих ощутимо обучать финансам Глубокие нейронные сети имитирующие рапорты Мыг триария рапорты таких требовать все машиноочистительные Не вычеркнуть на верующие курсы и инструменты такие как,"Интеллект позируется на алгоритмах машины появляющихся данных нет, используют Вселенную Арарат, таких матери требуется машины, чёрные ресурсы и инструменты такие, как ты.","здесь к примеру интеллигент, пояснивая причину, вспыхнувших с интеллигента, оплачиваемые стипендией, оплачиваемые рабочими морями, учится и медведены и нарастите, и инструменты, такие как ты на серп и поидерчик.",<memory at 0x70403e25c7c0>,2024-06-15
2,Искусственный интеллект,"Главное преимущество ИИ - способность обрабатывать большие объемы данных и выявлять закономерности. В медицине он помогает диагностировать заболевания, анализируя снимки и историю болезни. В бизнесе искусственный интеллект используется для прогнозирования рынка, оптимизации цепочек поставок и автоматизации процессов.",Структурный тракт Трапающий тракт Так из за поражений Проникать во все,"Осуществлённый тракт от оплаты компьютерных ног, состоявшихся тим трава, трап, трап кого интерактива наручи о пропади запорожная принятие решения осуществлённый тракт проникает в свержение от рекомендаций ванильных магазинных тематических диагнозом.","здесь копустимный тракт, а то просит купеческий стым трапоны изи точек, трапавшего чашечку и интеллигента, а пропадка из-за порожня, а скучный интеллект прониклигенты манафины, тамильских тигнизов.",<memory at 0x70403e25d180>,2024-06-15
30,Искусственный интеллект,"Искусственный интеллект - революционная технология, меняющая мир и приносящая значительные выгоды в различных областях. Однако его развитие вызывает новые вызовы, связанные с этикой, безопасностью и правовыми аспектами. В будущем исследования и разработки в области ИИ будут играть ключевую роль в формировании общества и экономики.",Манящие мир и проносящие барыльчинг оправит их однако его развитый вызывает на выявили Вы смирились с этикой безопасностью и правовыми аспектами в будущем исследования и разработки вопросики под играть ключевую роль в формировании общества и экономики,"Искусство, директ революционных технологий, мнение, мир и приносящие значительные выгоды личных, опросных, однако его развитии вызывает сменить этикой безопасности и правовым аспектам выбудем исследования и разработки, вопросы, проект. Включи роль в формировании общества и экономики.","если что-то интеллигент, революция и прочие миры на чечнее, египет, барышни, чехословакии, белоевропейских и правовым образом, и такикой, по изоляции, не заглядывает на в ее безответственнее, ассистенциализм. подъиграть к лучшему финансированию, в формировании и экономии.",<memory at 0x70403e25d240>,2024-06-17
31,Веб-сокет,"Веб-сокеты - это технология для обмена данными в режиме реального времени через постоянное соединение. В отличие от HTTP-запросов, веб-сокеты обеспечивают двунаправленную связь, что повышает эффективность передачи данных. Это особенно полезно для чатов, онлайн-игр и финансовых систем.",Технология выражен Нельзя просим все кид опочивеет Вы не промо не себе что повышает эффект именно что для них это осеприна игры и их," В отличие от запросов, обеспечивает в направлении, что повышает эффективность прочитанных это игры и","— бей по секе: это технограмм, для помывания горячего др. черепа, беленькая, не сиденья, — бы, отличия от хиппи, ежит, чтоб, — это асяпет именно шепеляет, от читанных, когда от асяпеты на полу и отпечаты. анроны — ны, ны, ны.",<memory at 0x70403e25d300>,2024-06-17
32,Веб-сокет,"Главное преимущество веб-сокетов - поддержка постоянного соединения между клиентом и сервером, что позволяет передавать данные в обоих направлениях без повторного открытия канала. Это снижает задержку и нагрузку на сервер. Веб-сокеты широко используются в онлайн-консультантах, приложениях для обмена сообщениями и системах мониторинга.",Отвертка постоянные высчитывания между клиентом и сервером что позволяет передавать данные в обоих направлениях пусть повторного открытый канал отличный же И нагрузку на сервер Конструктивных выражений с общинным мониторингом,"Мне просто поддержка простое, весёлые между клиентом и с сервером, что позволяет передавать данные об их направлениях повторного открытия канала, снижать задержку и нагрузку на сервер без всяких рок используется в анальных консультантах. Для обмена сообщениями система мониторинга.","-- бля мне прыгнув тебе по секе, -- поддержка, что и на беседе от меня, мецо-клиторного открытого открытия и нагруженность на серебряку, и нагрушиваются на серебряки обоих и напряженные тряпками, сообщениями из стимого.",<memory at 0x70403e25d3c0>,2024-06-17
7,Искусственный интеллект,"Главное преимущество ИИ - способность обрабатывать большие объемы данных и выявлять закономерности. В медицине он помогает диагностировать заболевания, анализируя снимки и историю болезни. В бизнесе искусственный интеллект используется для прогнозирования рынка, оптимизации цепочек поставок и автоматизации процессов.",Степощепанник обрабатывает пращи о примыканиях и выявляет закономерности мы тут сильно не помогает диагностировать запоевание анализирую снимки и историю по имени искусственный интеллект Прогнозирования рынка,,"голубнеж тунеядцы, стипендиаты, стипендистки, оплачивает, прощапьив эти нынешние и выявляет из диагностики и стерильности для пропагандировать из-за пандемии нынче, а анализи заболевания. -- типо из-ти чепочек, потипов я. в этом отылечен.",<memory at 0x70403e25d480>,2024-06-16
12,Веб-сокет,"Веб-сокеты работают поверх протокола TCP и используют порт 80 для HTTP и 443 для HTTPS. Соединение устанавливается через HTTP-запрос, который затем обновляется до веб-сокет-соединения. Поддержка сервером данной технологии и наличие библиотек на стороне клиента важны для реализации веб-сокетов.",Веб щеки для работы поверх протокола как то себе ищипывают парт в общем то 4 атипии и четверти 43 для атипии Вымутанные технологии и научитесь популятик на что,"Vip все какие-то работы поверх протокола, как, в общем, 4 443 3 запрос, который за дым оплатить поддержка серого, мотальный технологии иногда популярна, стороны клиента нет. ","-- беспокоит я до обед, про такое коте-сепье и щиплет, пост, -- в общем десятилетях эта песь, -- и, четырнадцати минутах езды, сирившей на четырехэткелях от проща, сирямит и прощается, хотя бы и постекает, ведь мне. -- подвергивает седь, и пьесакиет.",<memory at 0x70403e25d540>,2024-06-16
10,Веб-сокет,"Главное преимущество веб-сокетов - поддержка постоянного соединения между клиентом и сервером, что позволяет передавать данные в обоих направлениях без повторного открытия канала. Это снижает задержку и нагрузку на сервер. Веб-сокеты широко используются в онлайн-консультантах, приложениях для обмена сообщениями и системах мониторинга.",Го мне прымщ тебя высек эта поддержка штейна в исследовании между клиентом и сервером что позволяет п и 1 тонет даны вы обоих на открытый канал снижать задержку и нагрузку на сервер,"Да, мне пришло вот это поддержка почтенного сведения между клиентом и сервером, что позволяет 1 данные обоих направлениях после повторного открытия канал это снижать задержку и нагрузку на сервер висяк. Это черкизово банальных консультации. По сообщениям истинных мониторинга.","голубня, прыгнув тебе, джигурка, это поддержка, почтение, на беседе, помидоры вытает, да, ну не более обоих напражных, окончует и нагруженную открытую кнара, а да чуть ниже, не же не лентякие камни с обычнымиачками, носителям.",<memory at 0x70403e25d600>,2024-06-16
8,Искусственный интеллект,"ИИ базируется на алгоритмах машинного обучения, позволяющих системам обучаться на основе данных. Современные ИИ-системы используют глубокие нейронные сети, имитирующие работу мозга. Для разработки таких моделей требуются мощные вычислительные ресурсы и инструменты, такие как TensorFlow и PyTorch.",Исключительный интеллект революционные технологии мнящие мир и проносящие начальные выгоды в рыночных а простых однако его развитие вызывает новый вызов связанный с этикетч безопасность и правовыми аспектами на будущее мы с ведомами и я разработки воплощать секретариат будут играть включи в игру в формирование общества экономики,"Искусственный интеллект, революционные технологии, мнение, мир и приносящие значительные выгоды различных опросных, однако его развитие вызывает на вызове связано такой безопасность и правовыми аспектами в будущем исследований работки интеллект.","здесь к счастью, интеллигенты, ловящие на них ноги, и проносившиеся, боровшиеся правым и реакцией, баровленьких опрешенных, и такиеич, бюллетени, бюллетени, северия, бюллетени, бла, бла, бла, бла.",<memory at 0x70403e25d6c0>,2024-06-16
35,Веб-сокет,"Веб-сокеты - мощный инструмент для разработки веб-приложений, требующих обмена данными в реальном времени. Постоянное двунаправленное соединение и низкая задержка обеспечивают высокую производительность и надежность. В условиях растущих требований к скорости и эффективности взаимодействия, веб-сокеты становятся все более актуальными.",Веб секреты машиностроителя разработки и веб поражений требующих обмена данными в выбранном времени твои направления сведения и низкая задержка а пришпичивает высокую производительность и надежность в условиях растягивающей трепа мне как скорости и эффективности взаимодействия с более актуальными," Времени стоит направлены седения, и низкая задержка почивает высокую производительность и надёжность в условиях растущей требования к скорости и эффективности взаимодействия всякой ценности все более актуальными. ","ведь все-таки, мы ж не тружимся, орлы, проигрываем, проигрываем, их, требующие от помянутых и дырка, учится у них, расшативающаяся дырка и низкая юности, и натыжности, юбо все эта стыдность и юб. все-таки, действительно, вот все пекуанские. они.",<memory at 0x70403e25d780>,2024-06-17
28,Искусственный интеллект,"Главное преимущество ИИ - способность обрабатывать большие объемы данных и выявлять закономерности. В медицине он помогает диагностировать заболевания, анализируя снимки и историю болезни. В бизнесе искусственный интеллект используется для прогнозирования рынка, оптимизации цепочек поставок и автоматизации процессов.",Гам не прым ш твыщ к тряк т с пощепаныч а прыпатывают прыщи опиометальных и выявляет и закономерничает и амикацин помогает диагностировать заболевания анализируя снимки истории полины Интеллект используется для прогнозирования рынка Рынка," Закономерный именно она помогает диагностировать заболевания, анализировать снимки истории полис котлет используют для прогнозирования рынка автоматизации типочек, почтовых и автоматизации процесса. ","говна, преждевременный трек, постепенно прошатывает прощее, чем идти на них, не говоря, изучаю с ним какие-то прогонявания, а анализируюсь с ними какие-то рыбы поленники, а потом из-залететь сквозь степотчик. пствык и отворить стены.",<memory at 0x70403e25d840>,2024-06-17
9,Веб-сокет,"Веб-сокеты - это технология для обмена данными в режиме реального времени через постоянное соединение. В отличие от HTTP-запросов, веб-сокеты обеспечивают двунаправленную связь, что повышает эффективность передачи данных. Это особенно полезно для чатов, онлайн-игр и финансовых систем.",Технология Мы не станем выраженным равномерным в отличие просим вебсекади обеспечивает Их направленной связи что повышает эффективность," В отличие от этой перезапросом и всякой обеспечивает и направление связи, что повышает эффективность передачи анных это особенно потратив на игры и наносит.","ибо, посяки эти, как ты нравы, мы не таны, мы не таны. в рюкзаке, не сетенье, в рюкзаке, блядь, да и повсеке от хита-хи, обеспечают офигенную теплию, не точную теплию от щеты. она игры, и офигенно сильны.",<memory at 0x70403e25d900>,2024-06-16
6,Искусственный интеллект,"Искусственный интеллект (ИИ) - это область компьютерных наук, создающая системы для выполнения задач, требующих человеческого интеллекта: распознавание речи, обработка изображений, принятие решений. Искусственный интеллект проникает во все сферы жизни, от рекомендаций в онлайн-магазинах до медицинских диагнозов.",Интеллект Видать трепающий челябинского интеллекта распознавание речи обработка изображений принятые искусственный интеллект проникает и во все сферы жизни Магазинах диагнозов,"Интеллект компьютерных наук, состоящих материалы полной задачи, требующие и интеллект, распознавание, ручей пропада, изображения, принятия решений, искусственный интеллект проникает во все сферы ренни рекомендаций, магазинах, тематических диагнозов.","безопасный интеллект, дай-капитатурных наок, растяивающиеся тымярябой в интеллект, требующие, чтобы мне интеллигент проникает и рых задач, а про попытки изопрочны, а и рекомендация на магазинах, теннисики, ты огни.",<memory at 0x70403e25d9c0>,2024-06-16
29,Искусственный интеллект,"ИИ базируется на алгоритмах машинного обучения, позволяющих системам обучаться на основе данных. Современные ИИ-системы используют глубокие нейронные сети, имитирующие работу мозга. Для разработки таких моделей требуются мощные вычислительные ресурсы и инструменты, такие как TensorFlow и PyTorch.",Секс интеллект базируется на алгоритмах машинного обучения позволяющих системам обучать и на сегодня быть для них со временем системе используют Глубокие нейронные сети имитирующие работу Требуют все машины вычислительные ресурсы и инструменты такие как ты на серферах и пойдешь,"Существенный интеллект позируется на алгоритмах машинами обучения, позволяющих системам обучать начинать данных, современники интеллекта систем используют нейронной сети, имитирующие работы моего телеботах и матери, требуется машины вывести. Инструменты такие, как ты, на Серов и пойдёшь.","если взять интеллект, позертук, интеллигентного, мощного понинения, требующееся ей насмешки интеллигента, если гибкие и рыхими мотивляциями, если гибкие и медленные интеллигенты, толеры работоспособности и инструменты, такие как ты, насерв, и пойдёшь.",<memory at 0x70403e25da80>,2024-06-17
27,Искусственный интеллект,"Искусственный интеллект (ИИ) - это область компьютерных наук, создающая системы для выполнения задач, требующих человеческого интеллекта: распознавание речи, обработка изображений, принятие решений. Искусственный интеллект проникает во все сферы жизни, от рекомендаций в онлайн-магазинах до медицинских диагнозов.",Компьютерных наук создает 6 модуляторы выполненных задач которые повышают человеческий интеллект на манер учи обработка изображений принятые решения интеллект проникает во всеоружии от анальных магазинах диагнозов,"Искусственный интеллект это просто компьютерных наук состоявшихся. Мы требы полных задач, требующих челябинского интеллекта Рамонова, обработки изображения, принятие решения искусств, интеллект проникает во все все режимы от рекомендаций в анальных магазинах тематических диагнозов. ","есть копустим интеллигент, когда делает нечто побививившее рычание, трыбувшая в тюрьме пленни задач, а проработку и изоляции, принятые ею решения. оказывается, что в интеллигенты. там и тюменьский интеллигент.",<memory at 0x70403e25db40>,2024-06-17
34,Веб-сокет,"Веб-сокеты работают поверх протокола TCP и используют порт 80 для HTTP и 443 для HTTPS. Соединение устанавливается через HTTP-запрос, который затем обновляется до веб-сокет-соединения. Поддержка сервером данной технологии и наличие библиотек на стороне клиента важны для реализации веб-сокетов.",Веб секрет я работаю поверх протокола ты себе и если будет партия 80 хтп и 443 атп 3 приштиновывает все червь это запрос который затем обновляет все тоби пересекает сеть не поддержка сервера бетонной технологии и научных попыток на счет вороны клиенты боятся,"Пока работает поверх протокола и использует партия 84 http и 443 3 мне что-нибудь вечер это запрос, который затем повляет все топе, пока все это не поддержка Сербии метатехнологии, иначе попыток на стороне клиента. ","бегают по берегу обе бегают по берегу и исчезают партели в восемь минутах от тыпе и, четырнадцати четырнавых, какие-то бегают, сеет, бегает, а то обнимает тенься и наверх и тенге и нравятся, чепуляции. и, наверное, чепуляции вонзителя, бегут тебе бегут.",<memory at 0x70403e25dc00>,2024-06-17
39,Плавание,"Плавание - универсальный вид спорта для всех возрастов и уровней подготовки. Оно улучшает здоровье, дарит удовольствие от пребывания в воде, способствует релаксации и улучшению настроения. Благодаря многочисленным преимуществам, плавание становится все популярнее среди людей, стремящихся к здоровому образу жизни.",По мне универсальный витязь против тебя всех верующих ее рамни подготовки она улучшает здоровье для рыб это больше К сети и рутинной струне благодаря многочисленным преимуществам Всепопулярность средь людей стремящихся к здоровому образу жизни,"Про мне университет портрет всех по возвести и уровней подготовки научить здоровье дарит того, чтобы это пропана существует реакции и лучиной страны благодаря многочисленным преимуществам промониторить секурный стратегии стремящихся к старому положению. ","про мне, неверующие, не видясь, портреты всех поварюшки, и ровне подготовки, а ну лечят да рука с этими и ручными приспособлены т. е. серп и ружами с рыцари и ут. стримище их. к. вторым был проезжен.",<memory at 0x70403e25dcc0>,2024-06-17
16,Плавание,"Существует несколько стилей плавания с разными техническими особенностями. Кроль на груди (фристайл) - самый быстрый и энергозатратный стиль с асимметричными движениями. Брасс - медленный, но эффективный стиль с симметричными движениями. Баттерфляй (дельфин) требует высокой физической подготовки и координации, с синхронными движениями рук и волнообразным движением тела.",Сколько ровными техническими особенностями крона грудь и фырш твои самый быстрый и энергозатратный асимметричным движением Симметричный Подготовки и Готовки и координаты с сохранным движением рук и равноправным движением тел," Самый быстрый энергозатратности с асимметричными движениями на эффективности симметричным двигателе подтверждаю телефон, трепет, всякие подготовки и alternative сахарными движениями рук ивановны движением.","что ты говоришь? несколько серыми, техночками, а все по нестенчиками, а все по нестенчерьки храбрый, и я неоправданным эта гигатестом не считаю. с. с. а симметричной и твязкой подготовки и. я потом все-таки пфусчерным движением и рук и барынюжный движами ютюб.",<memory at 0x70403e25dd80>,2024-06-16
17,Плавание,"Плавание - универсальный вид спорта для всех возрастов и уровней подготовки. Оно улучшает здоровье, дарит удовольствие от пребывания в воде, способствует релаксации и улучшению настроения. Благодаря многочисленным преимуществам, плавание становится все популярнее среди людей, стремящихся к здоровому образу жизни.",Прямо не универсальный вид спорта для всех возрастов и уровне подготовки а научать даровать удовольствие от пребывания в воде способствуют Рексети в очень настроение благодаря многочисленным преимуществам права не что иное все популярнее среди людей стремящихся к даровым опорожнениям,"Romaanyy универсальные виде спорта для всех возрастов и уровней подготовки научат здоровье, дарит удовольствие от пробывания воды, способствует рекити улучшенной стране благодаря многочисленным преимуществам права не становится все популярные среди стремящихся к даровому поражению. ","промоание неверующие споры, требующие выработки, и умнее подготовки, а нарушать дар к сети, и улучшать и улучшать нынешние премощиты, правда, не считая ни вот себе всецепными премощениями, с рывшими щекими, к и дурным оп.",<memory at 0x70403e25de40>,2024-06-16
15,Плавание,"Главное преимущество плавания - комплексное воздействие на организм, когда вода создает сопротивление и эффективно прорабатывает все группы мышц без нагрузки на суставы. Это делает плавание идеальным для людей всех возрастов, включая тех, у кого есть проблемы с опорно-двигательным аппаратом.",Комплексное действие на организм когда вы достигаете сопротивления прорабатывает все группы мышцы при нагрузке на щитовик диадема они идеально внедряют их все выверсты включает их руководящие проблемы с оборонительным аппаратом,"Главное преимущество помни комплексное действие на орган, когда Водостоев сопротивление неэффективно прорабатывает все группы из нагрузки на cctv, делает идеальный материал их всего версии, включая их руковечка проблемы с аппаратно двигательным аппаратом. ","да, блядь, вы промоленье, комплуксы, не войдете в истину на оргию, -- как давая сосчитать их все группы милостив, -- подключает прямые, нихуя не одарченные огурцы и носит их, руковертый проблеск апрыгин и вгоненный аппарат.",<memory at 0x70403e25df00>,2024-06-16
37,Плавание,"Главное преимущество плавания - комплексное воздействие на организм, когда вода создает сопротивление и эффективно прорабатывает все группы мышц без нагрузки на суставы. Это делает плавание идеальным для людей всех возрастов, включая тех, у кого есть проблемы с опорно-двигательным аппаратом.",Гамма не примешь ты выполняй комплексное воздействие на организм как 2 ты считаешь все под ремни и факты мне пропадает все группы мышцы пыжи нагрузки на щитовик делать в промоне это деревянные материалы у этих всех выложатся ключи от них руководящие проблемы с опорным вегетативным аппаратом,"Главное преимущество выполнения комплексного действия на уровне, когда это считается требование эффективно прорабатывает все группы, мечты, нагрузки, на что делает идеальный материал этих всех вылет. Включи этих волкове проблемы с приготовим аппаратом. ","для меня прыщик тебе про умнее, прыщик не боится идти на оргиня, как давая статуя труменей, и, фактически, вырабатывая эти все грубые мысли, пиздению от их, по винегрусики насмешки и насмехались, а пары не бегателями.",<memory at 0x70403e25dfc0>,2024-06-17
36,Плавание,"Плавание - это вид спорта и активного отдыха, заключающийся в передвижении по воде с помощью движений тела. Это популярная физическая активность и важный навык для безопасности на воде. Плавание улучшает физическое состояние, укрепляет мышцы, развивает дыхательную систему и повышает выносливость.",Промани это вид спорта и акт малого заключающие ви пи эр и движение по вате с помощью движений это популярнее физической активности и во времена Укреплять мышцы развивать дыхательные системы и повышает вновь вывести,"Romaanyy это вид спорта и активного отдыха, заключающие передвижение. Поведи с помощью движения тира это популярное физической активности имени навык для опасности навои промони улучшает физические чтение, укрепляет мышцы, развивает, хотелось им и повышает вынос вывести. ","про мне эти господи и октябр и октябр. и отъезды и заклюженность, с помощью движений террас, а до появления и вами не навык и активности, и, очевидно, я получил не с теми, и поучает в шуточии шинья, и посвящает, на воды.",<memory at 0x70403e25e080>,2024-06-17
41,ВВП к ППС,Основное преимущество ВВП по ППС - возможность корректировать различия в стоимости жизни и уровнях инфляции между странами. Это позволяет объективно оценивать экономическую мощь и благосостояние населения. ВВП по ППС используется международными организациями для анализа экономических тенденций и разработки стратегий развития.,Боемышечность корректировать роеволичивость Это позволяет объективно оценивать экономическую мощь и прыгаешь ты насильно Используются международными организациями для анализа экономической тенденции и разработки стратегии развития, I Ровно нативность страны это позволяет объективно оценивать экономическую мощь и просит населения международными организациями анализа экономической и разработки стратегии развития. ,"объявленный прем, чтобы поэтапость, боеспособность, корректировать и прогостины насильнее, ибо ибо поэтапные организации организовывать, что и мы щирине, и, ровно идентифицируя эти истерты, и рубрики, строгие, разведи.",<memory at 0x70403e25e140>,2024-06-17
18,ВВП к ППС,"Концепция ""ВВП к ППС"" позволяет сравнивать экономическое развитие стран с учетом различий в уровне цен. ВВП по ППС показывает, сколько товаров и услуг можно купить за одну и ту же сумму денег в разных странах, что делает его более точным для международных сравнений, чем традиционный ВВП.",Вы собираетесь тронь с учетом различий до уровня тин двп ппс показывает сколько товаров и услуг машины купить взять 1 и ту же сумму денег в оборонных странах и в п точным для международных сравнении чем тратятся вепы,"В концепте в. Позволяет сравнивать экономические из стран с учётом различий в уровне цен, показывает, сколько товаров и услуг машину купить, взять 1 и ту же сумму денег в разных странах что делать его поточным, проданных сравнении, чем традиции. ","в принципе, в эпике, по песе, по песе, с бюллетеням, развалились, рисунки, бюллетени, бюллетени, бюллетени, бюллетени, оборобленные сторонах. в той и ряде, левый поперец, точно, и бюллетени, барынг, и бюллинг, все золотые, бюллинги, бюлпены.",<memory at 0x70403e25e200>,2024-06-16
42,ВВП к ППС,"Расчет ВВП по ППС включает сравнение цен на широкий набор товаров и услуг в разных странах. Используется специальная корзина потребительских товаров и услуг: продукты питания, жилье, одежда, медицинские услуги и транспорт. Для этого применяются различные методы статистики, включая метод сравнительных цен.",Включить на щелок напоры товаров и швов в выравнивающих странах используются специальные корзины потребительских товаров и шелк продукты питания и жилье одежда и медицинские услуги и транспорт для этого и применяются различные методы статистики включая методы сравнительных,"Расчет включить, сравните на широк набор товаров и рок в разных странах используется испытание корзины потребительских товаров и шок, продукты питания, жилья, одежды и медицинские шаги и транспорт для этого применяют все различные методы статистики. Включи методы сравнительных. Тин.","рачецкий бюллетени включают серогону, пары тваров, и, исключая щеку пары тваров, бюллетени, портреты, бюллетени, одежды, медицинские и танцисты и тваров, для этого и примягиваются статуйки, включая этот серповиндохин.",<memory at 0x70403e25e2c0>,2024-06-17
20,ВВП к ППС,"Расчет ВВП по ППС включает сравнение цен на широкий набор товаров и услуг в разных странах. Используется специальная корзина потребительских товаров и услуг: продукты питания, жилье, одежда, медицинские услуги и транспорт. Для этого применяются различные методы статистики, включая метод сравнительных цен.",Включи товаров в оборонных странах потирания корзин потрогать ящики товаров и штук продукты питания жилье и трансепт для этого применять привычный метод статистики включая метод сравнительных,"Расчет включить, сравните на широкий набор товаров и срок в разных странах используется специальная корзины потребительских товаров и услуг, продукты придания жилья, одежды, медицинские услуги и транспорт для этого применяются различные методы статистики, включая методы сравнительных. Sean.","ракурсе бы я по-попески: включи отец русни нитин, наши кругбороны корзин, потрируете сиськи по террасе корзин, а изучают сиськи камеры, продать юшлоги и трамвайских и трансспортитки. включи ометыск.",<memory at 0x70403e25e380>,2024-06-16
43,ВВП к ППС,"ВВП по ППС - мощный инструмент для сравнения экономического развития стран, учитывающий реальные различия в стоимости жизни и уровнях цен. Использование этого показателя играет ключевую роль в оценке экономической ситуации на национальном и международном уровнях.",Машины для формирования экономической учитывающая юридическую стоимость ее равных цен имени этого показателя играет кочеверов в оттенки экономической ситуации на начинаниях и международных уровнях,"Бибип по pps машинострое для сравнения экономической ровитый страны, учитывающей родиной стоимости жизни и Ровных тин использования этого показателя, играет ключевой в осинки экономической ситуации, начинании и международных уровнях. ","в сибири по-прежнему тупые земли, все равно мирные экономики развитые страны, учитывающие развитые рыцари-члены, являются такой же уязвимыми, а есть такие же рыцари-члены. мы считаем, что эти рыцари наименно и мощных рувим них.",<memory at 0x70403e25e440>,2024-06-17
19,ВВП к ППС,Основное преимущество ВВП по ППС - возможность корректировать различия в стоимости жизни и уровнях инфляции между странами. Это позволяет объективно оценивать экономическую мощь и благосостояние населения. ВВП по ППС используется международными организациями для анализа экономических тенденций и разработки стратегий развития.,Основные Корректировать Имущественным это позволяет объекты меня осенивает экономический мощь и прага считать Международными организациями при анализе экономической деятельности и Разработки стратегии,Основные преимущества возможность корректировать приложение инфляции страны это позволяет объективно экономический мощи прогоны населения использовать международными организациями для анализа экономической. Разработка стратегии.,"обивные приспособы, тупые, промышленность, корректировать, проволочьи пчты и насиживания, да в эпопе чехии и южных морские страны. это позволит оживлять международные организации им, что-то-таки и разводят лент-ти, и разработку и строки.",<memory at 0x70403e25e500>,2024-06-16
21,ВВП к ППС,"ВВП по ППС - мощный инструмент для сравнения экономического развития стран, учитывающий реальные различия в стоимости жизни и уровнях цен. Использование этого показателя играет ключевую роль в оценке экономической ситуации на национальном и международном уровнях.",Машина Страны И урамных тин использование этого покажет я играть ключ веру ботинки экономической ситуации на начинаниях и международных," Учитывающие ранее значение Бо читаемость жизни и равных тин. С. Появление этого показателя играет ключевую осинки экономической ситуации, начинаемом и международных уровнях.","в библии по попечень можно не тромить для себя, проявить трезвый и рабочий роман. отчетвящие ораньи и учение этого покообразителя и бросить боченки гимназии и мчты и мчты и  гимназии на начинанных и щедринах. ущелученных.",<memory at 0x70403e25e5c0>,2024-06-16
45,Технологическая сингулярность,"Прогресс в области искусственного интеллекта, включая глубокое обучение и нейросети, уже сейчас приводит к созданию систем, способных выполнять сложные задачи, ранее доступные только человеку. Например, автоматизированные системы управления, автономные автомобили и медицинская диагностика на основе машинного обучения.",Прогрессив вопросительный спектр ключей групповые обучения нейросети Не только человек например автоматизированной системы управления Диагностика машинного обучения,"Прогресс вопросы котлет включи группа почини и нейросети уже 6 приводит Костиной системе способных выполнять сложные задачи, ранее доступны треки человек, например, автоматизированной системы управления, автомобили и медицинская диагностика на машине почини. ","прогресс был попроси к в интеллекте, включая группу по главе и не расситы, уже есть шесть приводкости ты не с ним, и вы матюзик и стым отправляете. на пример, а ведь на мне об этом унизированный стим и управляет, а ведь на митролграф и гонщики. начнее мысленно насмешки.",<memory at 0x70403e25e680>,2024-06-17
44,Технологическая сингулярность,"Технологическая сингулярность - это теория, предсказывающая момент, когда искусственный интеллект превзойдет человеческий интеллект и технологии будут развиваться настолько быстро, что люди не смогут контролировать этот процесс. Это вызовет кардинальные изменения в обществе и может привести к появлению новых форм жизни или сверхинтеллекта.",Технологическая сингулярность в этот европе практикующая момент когда исключить директ привозит человеческий интеллект и так будут развивать сильность строк и быстро что человек могут контролировать это отвязывает координаты зимней в обществе и может привести к появлению новых форм и сверхинтеллект,"Технологическая сингулярность в теории, протискивающий момент, когда директ проводит арабский интеллект и технологии, поразительная строка пишет, что человек не могут контролировать этот процесс, отвязывает кардинальные в обществе и может привести к появлению новых форм жизни и сверхинтеллект. ","их нагочеки, сеньоры, протягивающие метод, когда еврельский интеллект, и двухногие т. х. норвегия подрывает эти процессы, а девелифицировать этот процесс, что и ч. норвегия на остров и свежий мир и свежий интеллект.",<memory at 0x70403e25e740>,2024-06-17
26,Технологическая сингулярность,Технологическая сингулярность представляет захватывающую и тревожную перспективу. Она требует глубокого понимания и осторожного подхода к развитию передовых технологий. Исследования и разработки в области искусственного интеллекта будут играть ключевую роль в формировании нашего будущего.,Технологическая сингулярность представляет захватывающую и требования перспективы она требует пока вы понимание новый подход к разведению берет выход Технологии исследования и аэропотки Секвеект путь играть в чиверу формирование,Технологической сингулярности представляет захватывающую и требования к перспективе она требует глубокого понимания и осторожного подхода крабовых технологий исследования и разработки было почти спект подыграть ключевые в формировании нашего будущего. ,"""техноногие чиновники, представляя и прерывающие и тревоги на перспективе, а на трепет, как было пока выпущено и ящика, выпущенные им рыбой рыбой ловили и шли все эти рыбы в этих налоги, испортили к клочью ветра, и формировали на щебучную душу.",<memory at 0x70403e25e800>,2024-06-16
47,Технологическая сингулярность,Технологическая сингулярность представляет захватывающую и тревожную перспективу. Она требует глубокого понимания и осторожного подхода к развитию передовых технологий. Исследования и разработки в области искусственного интеллекта будут играть ключевую роль в формировании нашего будущего.,Технологическая сингулярность представляет и захватывающую и требования к перспективе они требуют высокого понимания и от старосты выпадают Будут играть,"Технологически северности представляет захватывающие и требования к перспективе они требуют глубокого понимания и старшего подхода к разведи передовых технологий исследования и разработки прости, контект под городского вроде формирования нашего будущего. ","— да их нагочили, и синьорность представляет из-за поступках, — она требует бы, пока выработаешь не было простывых технагий и остаревших и истераминых гимназий, — если говорит, ты мне и истерично подхватываешь и трами у нее в карманы, вы, — фармами, не на щевыебущему.",<memory at 0x70403e25e8c0>,2024-06-17
25,Технологическая сингулярность,"Сингулярность вызывает множество философских и этических вопросов. Как контролировать развитие искусственный интеллект? Как он повлияет на общество? Многие известные ученые и предприниматели, такие как Илон Маск и Стивен Хокинг, предупреждали о возможных опасностях и призывали к разработке стратегий контроля за развитием искусственного интеллекта.",Сингулярность Вызывает множество философских и этических вопросов Разветвить как он повлияет на в обществе многие современные ученые и предприниматели такие как иономастика Предупреждел опасения прижимаю к проработке строки которая Субъект," Интеллект, как он повлияет на обществе многие себе не предприниматели, такие, как она, стивен хокинг, предупреждали опасности и призывали к проработке стратегии, которая завет интеллект.","филиппины жте, наште, филиппсы и отычаки и отычаки, вообымошник, противопобуждая ей обоих мужей, опущенный в опендревских, так и какие, как он упомянел о пафосных феминщик, и портреты раболюбивости, которым, как которые озарядует им сиський интеллигент.",<memory at 0x70403e25e980>,2024-06-16
24,Технологическая сингулярность,"Прогресс в области искусственного интеллекта, включая глубокое обучение и нейросети, уже сейчас приводит к созданию систем, способных выполнять сложные задачи, ранее доступные только человеку. Например, автоматизированные системы управления, автономные автомобили и медицинская диагностика на основе машинного обучения.",Интеллект Привет всепосепанных ипонет всевышний вид очи ранит ощипы не трогать человека например автоматизированная система а вот и на мне об этом опыли и диагностика на машинного обучения,"Прогресс вопросы интеллекта, включая глубокое обучение инверсии приветик систем, способных понять с вашей выдачи, ранее доступный только человек, например, автоматизированные системы проведения автомобили и медицинская диагностика. На моей машине по причине.","прогнувшись, опустив интеллигента, включи я губкой обоих и обеспокоенности гимназии, а ведь она мне, а в том и более, а вот и на мне, а в твоё поручение и гимназии-то не стым и т. е.-то, чепудожественный тип и  гимназичка. нах. нахер навые моё машине мышление.",<memory at 0x70403e25ea40>,2024-06-16
